{"0":{"0":-0.3472443245,"1":0.6493089133,"2":-1.4105708833,"3":-0.7472739647,"4":-1.047306851,"5":0.9932003151,"6":2.6735125765,"7":0.6629153604,"8":2.7701393412,"9":0.2321418624,"10":0.5354789161,"11":1.2449647483,"12":-0.6777157552,"13":-0.8179587395,"14":-0.2215652568,"15":-0.0819978881,"16":-0.0192581313,"17":0.008121419,"18":0.8536199619,"19":-0.5089185399,"20":0.0229933318,"21":-1.3742241918,"22":0.6731514362,"23":0.4655882211,"24":0.0490478166,"25":0.4232382258,"26":0.6837648169,"27":1.095642459,"28":0.1754952909,"29":-0.8332969634,"30":0.8177801113,"31":1.1985871261,"32":0.0694480896,"33":0.6230709594,"34":0.0389930497,"35":-1.2290136731,"36":1.2723793718,"37":-0.2379102619,"38":0.6250654259,"39":0.8554758669,"40":1.6456245076,"41":1.0620856372,"42":2.6858332419,"43":-0.253179796,"44":0.5577809848,"45":0.1256876352,"46":0.9879240181,"47":0.3273699735,"48":1.3080283659,"49":0.4102615286},"1":{"0":1.0383819099,"1":-0.4915186692,"2":-1.1093187937,"3":1.6097382414,"4":2.2186687884,"5":-0.2946630833,"6":1.0808903401,"7":-0.7307589379,"8":-0.3729492354,"9":-0.9660836037,"10":1.3771914122,"11":-1.1090894854,"12":-0.556484466,"13":-0.7177067208,"14":-0.384788574,"15":0.1279212272,"16":1.7805809139,"17":-0.0726626028,"18":-0.5592873905,"19":0.9248844125,"20":0.3711111014,"21":1.2886284133,"22":0.8529981364,"23":0.3075686134,"24":0.4599418834,"25":0.9981157913,"26":0.3417775428,"27":0.3675862899,"28":0.9490791445,"29":0.3908266818,"30":1.9733934774,"31":0.4008908015,"32":0.4363379702,"33":0.3410331646,"34":1.0037275086,"35":-0.0369327336,"36":-0.3948053218,"37":2.6128012733,"38":0.2460814436,"39":0.7963080494,"40":0.1278295824,"41":-1.3398393668,"42":0.1137581316,"43":0.2135841471,"44":0.6051904256,"45":-0.6578546277,"46":-0.8913381587,"47":2.7352829366,"48":-1.25775812,"49":-0.3763880994},"2":{"0":0.236317069,"1":-0.1960581068,"2":0.9730248107,"3":0.4616512578,"4":-0.7036132396,"5":-1.9410294834,"6":1.2426976732,"7":0.0035001486,"8":0.3802945766,"9":1.1738703794,"10":0.8750107744,"11":0.1357221499,"12":0.6124777093,"13":-1.5891230705,"14":0.0402220184,"15":-1.4278934018,"16":-0.6585466513,"17":0.9868004787,"18":-0.2764868578,"19":2.2670238835,"20":1.6092859788,"21":0.4246199095,"22":1.3051718573,"23":-0.930842714,"24":-0.4481871748,"25":0.7436043262,"26":-0.597123595,"27":-0.6835493759,"28":0.709875601,"29":0.4428677667,"30":-1.207201534,"31":-0.6016719985,"32":0.2219131174,"33":-0.586115632,"34":0.0916295661,"35":-0.5862221052,"36":0.5279198756,"37":-0.771063611,"38":-1.0121366463,"39":0.0461704445,"40":0.0222550532,"41":1.9096003463,"42":-0.3603877128,"43":-0.2690562021,"44":1.3743204038,"45":0.3887819249,"46":0.3245935938,"47":-0.825602883,"48":-1.0374807957,"49":0.8498151747}}